1; 12
2; 66
3; 72
4; 6
5; 21
6; 38
7; 43
8; 59
9; 64
10; 73
11; 78
12; 86
13; 91
14; 100
15; 81
16; 98
17; 103
18; 119
19; 4
20; 13
21; 18
22; 26
23; 31
24; 40
25; 102
26; 112
27; 115
28; 13
29; 15
30; 42
31; 51
32; 69
33; 74
34; 84
35; 87
36; 113
37; 118
38; 6
39; 9
40; 62
41; 73
42; 8
43; 8
44; 17
45; 22
46; 31
47; 39
48; 92
49; 103
50; 38
51; 38
52; 47
53; 52
54; 61
55; 69
56; 2
57; 13
58; 68
59; 68
60; 77
61; 82
62; 91
63; 99
64; 32
65; 43
66; 98
67; 98
68; 107
69; 112
70; 1
71; 109
72; 16
73; 18
74; 46
75; 48
76; 66
77; 71
78; 79
79; 84
80; 110
81; 115
82; 3
83; 50
84; 60
85; 65
86; 83
87; 88
88; 115
89; 117
90; 16
91; 17
92; 26
93; 27
94; 44
95; 46
96; 51
97; 110
98; 0
99; 5
100; 23
101; 28
102; 55
103; 57
104; 76
105; 77
106; 86
107; 87
108; 104
109; 106
110; 111
111; 96
112; 3
113; 5
114; 33
115; 35
116; 53
117; 55
118; 64
119; 65
120; 83
121; 88
122; 93
123; 102
124; 7
125; 11
126; 46
127; 52
128; 79
129; 81
130; 100
131; 100
132; 14
133; 16
134; 30
135; 39
136; 49
137; 54
138; 59
139; 64
140; 67
141; 72
142; 83
143; 88
144; 95
145; 97
146; 110
147; 111
148; 9
149; 99
150; 109
151; 114
152; 119
153; 4
154; 7
155; 12
156; 23
157; 28
158; 35
159; 37
160; 50
161; 51
162; 69
163; 105
164; 10
165; 14
166; 49
167; 55
168; 82
169; 84
170; 91
171; 92
172; 95
173; 100
174; 108
175; 113
176; 115
177; 0
178; 6
179; 7
180; 32
181; 37
182; 47
183; 52
184; 59
185; 64
186; 75
187; 80
188; 86
189; 91
190; 103
191; 108
192; 113
193; 118
194; 8
195; 8
196; 13
197; 15
198; 18
199; 19
200; 23
201; 23
202; 35
203; 15
204; 27
205; 28
206; 40
207; 41
208; 57
209; 58
210; 65
211; 67
212; 74
213; 75
214; 81
215; 82
216; 87
217; 89
218; 94
219; 95
220; 101
221; 75
222; 87
223; 88
224; 100
225; 101
226; 117
227; 118
228; 5
229; 7
230; 14
231; 15
232; 21
233; 22
234; 27
235; 29
236; 34
237; 35
238; 41
239; 7
240; 20
241; 21
242; 30
243; 31
244; 37
245; 38
246; 53
247; 55
248; 62
249; 63
250; 79
251; 67
252; 80
253; 81
254; 90
255; 91
256; 97
257; 98
258; 113
259; 115
260; 2
261; 3
262; 19
263; 53
264; 63
265; 64
266; 71
267; 71
268; 90
269; 92
270; 99
271; 99
272; 1
273; 113
274; 3
275; 4
276; 11
277; 11
278; 30
279; 32
280; 39
281; 39
282; 61
283; 6
284; 59
285; 36
286; 89
287; 66
288; 119
289; 96
290; 29
291; 2
292; 18
293; 20
294; 28
295; 32
296; 48
297; 50
298; 58
299; 62
300; 78
301; 80
302; 88
303; 92
304; 108
305; 110
306; 118
307; 34
308; 48
309; 49
310; 60
311; 61
312; 66
313; 68
314; 80
315; 82
316; 112
317; 117
318; 3
319; 6
320; 15
321; 15
322; 25
323; 25
324; 32
325; 35
326; 42
327; 42
328; 52
329; 54
330; 68
331; 68
332; 77
333; 77
334; 81
335; 82
336; 87
337; 88
338; 97
339; 94
340; 108
341; 109
342; 0
343; 1
344; 6
345; 8
346; 20
347; 22
348; 52
349; 57
350; 63
351; 66
352; 75
353; 75
354; 85
355; 85
356; 92
357; 95
358; 102
359; 102
360; 112
361; 114
362; 8
363; 8
364; 17
365; 17
366; 21
367; 22
368; 27
369; 28
370; 37
371; 43
372; 60
373; 65
374; 70
375; 75
376; 85
377; 90
378; 98
379; 100
380; 105
381; 106
382; 109
383; 110
384; 118
385; 103
386; 0
387; 5
388; 10
389; 15
390; 25
391; 30
392; 38
393; 40
394; 45
395; 46
396; 49
397; 50
398; 58
399; 24
400; 37
401; 42
402; 48
403; 53
404; 60
405; 65
406; 70
407; 71
408; 84
409; 84
410; 97
411; 102
412; 108
413; 113
414; 0
415; 5
416; 10
417; 11
418; 24
419; 37
420; 64
421; 66
422; 75
423; 78
424; 92
425; 94
426; 101
427; 106
428; 2
429; 97
430; 4
431; 6
432; 15
433; 18
434; 32
435; 34
436; 41
437; 46
438; 62
439; 32
440; 42
441; 43
442; 50
443; 51
444; 61
445; 63
446; 74
447; 75
448; 95
449; 92
450; 102
451; 103
452; 110
453; 111
454; 1
455; 3
456; 14
457; 15
458; 35
459; 14
460; 22
461; 23
462; 40
463; 44
464; 52
465; 53
466; 70
467; 74
468; 82
469; 83
470; 100
471; 104
472; 112
473; 113
474; 10
475; 17
476; 35
477; 40
478; 72
479; 74
480; 87
481; 89
482; 98
483; 32
484; 39
485; 44
486; 70
487; 70
488; 79
489; 80
490; 98
491; 100
492; 6
493; 8
494; 24
495; 25
496; 36
497; 38
498; 44
499; 46
500; 60
501; 61
502; 71
503; 72
504; 85
505; 87
506; 97
507; 98
508; 107
509; 108
510; 118
511; 119
512; 4
513; 6
514; 21
515; 23
516; 60
517; 62
518; 69
519; 98
520; 104
521; 106
522; 0
523; 1
524; 11
525; 12
526; 25
527; 27
528; 37
529; 38
530; 47
531; 48
532; 58
533; 59
534; 64
535; 66
536; 81
537; 83
538; 0
539; 2
540; 9
541; 2
542; 8
543; 10
544; 19
545; 20
546; 27
547; 28
548; 37
549; 42
550; 55
551; 60
552; 77
553; 78
554; 88
555; 93
556; 99
557; 104
558; 119
559; 8
560; 19
561; 24
562; 40
563; 45
564; 60
565; 65
566; 72
567; 62
568; 68
569; 70
570; 79
571; 80
572; 87
573; 88
574; 97
575; 102
576; 115
577; 0
578; 17
579; 18
580; 28
581; 33
582; 39
583; 44
584; 59
585; 68
586; 79
587; 84
588; 100
589; 105
590; 0
591; 5
592; 12
593; 35
594; 42
595; 47
596; 73
597; 78
598; 89
599; 94
600; 114
601; 1
602; 57
603; 59
604; 68
605; 70
606; 83
607; 85
608; 95
609; 96
610; 107
611; 109
612; 119
613; 0
614; 6
615; 95
616; 102
617; 107
618; 13
619; 18
620; 29
621; 34
622; 54
623; 61
624; 117
625; 119
626; 8
627; 10
628; 23
629; 25
630; 35
631; 36
632; 47
633; 49
634; 59
635; 60
636; 66
637; 25
638; 33
639; 38
640; 46
641; 50
642; 107
643; 119
644; 53
645; 55
646; 63
647; 68
648; 76
649; 80
650; 17
651; 29
652; 83
653; 85
654; 93
655; 98
656; 106
657; 110
658; 47
659; 59
660; 113
661; 115
662; 3
663; 8
664; 16
665; 20
666; 77
667; 89
668; 23
669; 52
670; 60
671; 65
672; 70
673; 72
674; 77
675; 77
676; 85
677; 85
678; 100
679; 102
680; 111
681; 112
682; 119
683; 4
684; 12
685; 17
686; 26
687; 28
688; 37
689; 42
690; 47
691; 52
692; 81
693; 83
694; 97
695; 98
696; 103
697; 107
698; 118
699; 119
700; 14
701; 112
702; 0
703; 5
704; 10
705; 12
706; 17
707; 17
708; 25
709; 25
710; 40
711; 42
712; 51
713; 52
714; 59
715; 64
716; 72
717; 77
718; 86
719; 88
720; 97
721; 102
722; 107
723; 112
724; 21
725; 23
726; 37
727; 38
728; 43
729; 47
730; 58
731; 59
732; 74
733; 16
734; 26
735; 26
736; 45
737; 47
738; 62
739; 67
740; 81
741; 82
742; 94
743; 95
744; 112
745; 113
746; 119
747; 119
748; 6
749; 11
750; 14
751; 15
752; 22
753; 76
754; 86
755; 86
756; 105
757; 107
758; 2
759; 7
760; 21
761; 22
762; 34
763; 35
764; 52
765; 53
766; 59
767; 59
768; 66
769; 71
770; 74
771; 75
772; 82
773; 13
774; 23
775; 23
776; 42
777; 44
778; 59
779; 64
780; 78
781; 79
782; 91
783; 92
784; 109
785; 110
786; 3
787; 5
788; 8
789; 9
790; 16
791; 73
792; 83
793; 83
794; 102
795; 104
796; 119
797; 4
798; 18
799; 19
800; 31
801; 32
802; 49
803; 50
804; 63
805; 65
806; 68
807; 69
808; 76
809; 49
810; 57
811; 59
812; 64
813; 69
814; 75
815; 80
816; 89
817; 94
818; 109
819; 114
820; 118
821; 2
822; 9
823; 9
824; 17
825; 17
826; 31
827; 33
828; 40
829; 40
830; 45
831; 45
832; 50
833; 51
834; 59
835; 60
836; 78
837; 80
838; 92
839; 94
840; 99
841; 103
842; 110
843; 109
844; 117
845; 119
846; 4
847; 9
848; 15
849; 20
850; 29
851; 34
852; 49
853; 54
854; 58
855; 62
856; 69
857; 69
858; 77
859; 77
860; 91
861; 93
862; 100
863; 100
864; 105
865; 105
866; 110
867; 111
868; 119
869; 0
870; 18
871; 20
872; 32
873; 34
874; 39
875; 43
876; 50
877; 28
878; 37
879; 42
880; 50
881; 53
882; 108
883; 58
884; 67
885; 72
886; 80
887; 83
888; 18
889; 88
890; 97
891; 102
892; 110
893; 113
894; 48
895; 118
896; 7
897; 12
898; 20
899; 23
900; 78
901; 29
902; 52
903; 54
904; 70
905; 75
906; 10
907; 15
908; 30
909; 34
910; 60
911; 89
912; 112
913; 114
914; 10
915; 15
916; 70
917; 75
918; 90
919; 94
920; 0
921; 46
922; 61
923; 61
924; 66
925; 66
926; 68
927; 68
928; 72
929; 73
930; 77
931; 78
932; 93
933; 106
934; 1
935; 1
936; 6
937; 6
938; 8
939; 8
940; 12
941; 13
942; 17
943; 18
944; 33
945; 44
946; 56
947; 56
948; 113
949; 19
950; 26
951; 31
952; 68
953; 72
954; 85
955; 87
956; 92
957; 93
958; 103
959; 104
960; 113
961; 118
962; 8
963; 9
964; 22
965; 23
966; 33
967; 35
968; 50
969; 52
970; 59
971; 79
972; 86
973; 91
974; 8
975; 12
976; 25
977; 27
978; 32
979; 33
980; 43
981; 44
982; 53
983; 58
984; 68
985; 69
986; 82
987; 83
988; 93
989; 95
990; 110
991; 112
992; 119
993; 22
994; 29
995; 31
996; 45
997; 45
998; 62
999; 62
1000; 73
1001; 75
1002; 89
1003; 90
1004; 95
1005; 97
1006; 106
1007; 107
1008; 3
1009; 5
1010; 18
1011; 19
1012; 28
1013; 29
1014; 35
1015; 36
1016; 47
1017; 49
1018; 56
1019; 82
1020; 89
1021; 91
1022; 105
1023; 105
1024; 2
1025; 2
1026; 13
1027; 15
1028; 29
1029; 30
1030; 35
1031; 37
1032; 46
1033; 47
1034; 63
1035; 65
1036; 78
1037; 79
1038; 88
1039; 89
1040; 95
1041; 96
1042; 107
1043; 109
1044; 116
1045; 29
1046; 36
1047; 38
1048; 52
1049; 57
1050; 74
1051; 74
1052; 85
1053; 87
1054; 102
1055; 103
1056; 118
1057; 119
1058; 16
1059; 17
1060; 39
1061; 41
1062; 69
1063; 70
1064; 82
1065; 83
1066; 102
1067; 89
1068; 96
1069; 98
1070; 112
1071; 117
1072; 14
1073; 14
1074; 25
1075; 27
1076; 42
1077; 43
1078; 58
1079; 59
1080; 76
1081; 77
1082; 99
1083; 101
1084; 9
1085; 10
1086; 22
1087; 23
1088; 42
1089; 3
1090; 10
1091; 12
1092; 38
1093; 39
1094; 62
1095; 63
1096; 81
1097; 84
1098; 101
1099; 103
1100; 116
1101; 118
1102; 15
1103; 17
1104; 26
1105; 30
1106; 55
1107; 62
1108; 71
1109; 73
1110; 87
1111; 89
1112; 2
1113; 4
1114; 20
1115; 63
1116; 70
1117; 72
1118; 98
1119; 99
1120; 2
1121; 3
1122; 21
1123; 24
1124; 41
1125; 43
1126; 56
1127; 58
1128; 75
1129; 77
1130; 86
1131; 90
1132; 115
1133; 2
1134; 11
1135; 13
1136; 27
1137; 29
1138; 62
1139; 64
1140; 80
1141; 33
1142; 40
1143; 42
1144; 77
1145; 79
1146; 2
1147; 3
1148; 25
1149; 27
1150; 84
1151; 95
1152; 101
1153; 102
1154; 107
1155; 109
1156; 2
1157; 7
1158; 24
1159; 26
1160; 33
1161; 38
1162; 43
1163; 48
1164; 53
1165; 58
1166; 65
1167; 93
1168; 100
1169; 102
1170; 17
1171; 19
1172; 62
1173; 63
1174; 85
1175; 87
1176; 24
1177; 35
1178; 41
1179; 42
1180; 47
1181; 49
1182; 62
1183; 67
1184; 84
1185; 86
1186; 93
1187; 98
1188; 103
1189; 108
1190; 113
1191; 118
1192; 5
1193; 39
1194; 42
1195; 44
1196; 61
1197; 63
1198; 72
1199; 73
1200; 93
1201; 103
1202; 10
1203; 12
1204; 39
1205; 42
1206; 46
1207; 47
1208; 64
1209; 66
1210; 76
1211; 77
1212; 96
1213; 106
1214; 42
1215; 47
1216; 56
1217; 58
1218; 71
1219; 73
1220; 83
1221; 84
1222; 95
1223; 97
1224; 107
1225; 108
1226; 114
1227; 44
1228; 63
1229; 64
1230; 75
1231; 76
1232; 87
1233; 89
1234; 102
1235; 103
1236; 113
1237; 115
1238; 5
1239; 5
1240; 18
1241; 18
1242; 22
1243; 23
1244; 30
1245; 31
1246; 45
1247; 104
1248; 3
1249; 4
1250; 15
1251; 16
1252; 27
1253; 29
1254; 42
1255; 43
1256; 53
1257; 55
1258; 65
1259; 65
1260; 78
1261; 78
1262; 82
1263; 83
1264; 90
1265; 91
1266; 105
1267; 52
1268; 59
1269; 59
1270; 63
1271; 64
1272; 69
1273; 71
1274; 80
1275; 85
1276; 94
1277; 95
1278; 100
1279; 101
1280; 118
1281; 112
1282; 119
1283; 119
1284; 3
1285; 4
1286; 9
1287; 11
1288; 20
1289; 25
1290; 34
1291; 35
1292; 40
1293; 41
1294; 58
1295; 25
1296; 46
1297; 47
1298; 66
1299; 70
1300; 87
1301; 92
1302; 100
1303; 105
1304; 112
1305; 117
1306; 8
1307; 13
1308; 24
1309; 28
1310; 59
1311; 85
1312; 106
1313; 107
1314; 6
1315; 10
1316; 27
1317; 32
1318; 40
1319; 45
1320; 52
1321; 57
1322; 68
1323; 73
1324; 84
1325; 88
1326; 119
1327; 117
1328; 11
1329; 12
1330; 66
1331; 68
1332; 83
1333; 84
1334; 108
1335; 31
1336; 49
1337; 49
1338; 64
1339; 66
1340; 73
1341; 78
1342; 88
1343; 88
1344; 92
1345; 97
1346; 102
1347; 104
1348; 115
1349; 91
1350; 109
1351; 109
1352; 4
1353; 6
1354; 13
1355; 18
1356; 28
1357; 28
1358; 32
1359; 37
1360; 42
1361; 44
1362; 55
1363; 50
1364; 63
1365; 64
1366; 69
1367; 69
1368; 70
1369; 70
1370; 73
1371; 73
1372; 78
1373; 78
1374; 93
1375; 110
1376; 3
1377; 4
1378; 9
1379; 9
1380; 10
1381; 10
1382; 13
1383; 13
1384; 18
1385; 18
1386; 33
1387; 38
1388; 55
1389; 56
1390; 69
1391; 70
1392; 98
1393; 103
1394; 4
1395; 9
1396; 26
1397; 31
1398; 46
1399; 51
1400; 67
1401; 72
1402; 82
1403; 87
1404; 103
1405; 108
1406; 3
1407; 8
1408; 15
1409; 98
1410; 115
1411; 116
1412; 9
1413; 10
1414; 38
1415; 43
1416; 64
1417; 69
1418; 86
1419; 91
1420; 106
1421; 111
1422; 7
1423; 12
1424; 22
1425; 27
1426; 43
1427; 48
1428; 63
1429; 68
1430; 75
1431; 0
1432; 13
1433; 18
1434; 27
1435; 32
1436; 35
1437; 35
1438; 48
1439; 52
1440; 63
1441; 65
1442; 74
1443; 76
1444; 89
1445; 91
1446; 101
1447; 102
1448; 113
1449; 115
1450; 13
1451; 60
1452; 73
1453; 78
1454; 87
1455; 92
1456; 95
1457; 95
1458; 108
1459; 112
1460; 3
1461; 5
1462; 14
1463; 16
1464; 29
1465; 31
1466; 41
1467; 42
1468; 53
1469; 55
1470; 73
1471; 35
1472; 41
1473; 42
1474; 46
1475; 47
1476; 54
1477; 56
1478; 67
1479; 69
1480; 82
1481; 87
1482; 95
1483; 100
1484; 117
1485; 2
1486; 8
1487; 10
1488; 17
1489; 17
1490; 21
1491; 23
1492; 33
1493; 33
1494; 51
1495; 53
1496; 61
1497; 95
1498; 101
1499; 102
1500; 106
1501; 107
1502; 114
1503; 116
1504; 7
1505; 9
1506; 22
1507; 27
1508; 35
1509; 40
1510; 57
1511; 62
1512; 68
1513; 70
1514; 77
1515; 77
1516; 81
1517; 83
1518; 93
1519; 93
1520; 111
1521; 113
1522; 1
1523; 11
1524; 30
1525; 31
1526; 52
1527; 71
1528; 90
1529; 91
1530; 112
1531; 26
1532; 38
1533; 41
1534; 45
1535; 50
1536; 56
1537; 61
1538; 67
1539; 72
1540; 87
1541; 86
1542; 98
1543; 101
1544; 105
1545; 110
1546; 116
1547; 1
1548; 7
1549; 12
1550; 27
1551; 49
1552; 54
1553; 55
1554; 66
1555; 67
1556; 78
1557; 79
1558; 90
1559; 92
1560; 105
1561; 106
1562; 116
1563; 118
1564; 54
1565; 60
1566; 78
1567; 80
1568; 90
1569; 90
1570; 116
1571; 1
1572; 9
1573; 109
1574; 114
1575; 115
1576; 6
1577; 7
1578; 18
1579; 19
1580; 30
1581; 32
1582; 45
1583; 46
1584; 56
1585; 58
1586; 114
1587; 0
1588; 18
1589; 20
1590; 30
1591; 30
1592; 56
1593; 61
1594; 69
1595; 34
1596; 39
1597; 40
1598; 51
1599; 52
1600; 63
1601; 64
1602; 75
1603; 77
1604; 90
1605; 95
1606; 105
1607; 112
1608; 48
1609; 54
1610; 73
1611; 74
1612; 83
1613; 84
1614; 100
1615; 102
1616; 106
1617; 27
1618; 43
1619; 48
1620; 81
1621; 83
1622; 96
1623; 98
1624; 107
1625; 109
1626; 13
1627; 15
1628; 23
1629; 25
1630; 41
1631; 43
1632; 58
1633; 60
1634; 76
1635; 78
1636; 96
1637; 100
1638; 2
1639; 7
1640; 36
1641; 41
1642; 48
1643; 87
1644; 103
1645; 108
1646; 21
1647; 23
1648; 36
1649; 38
1650; 47
1651; 49
1652; 73
1653; 75
1654; 83
1655; 85
1656; 101
1657; 103
1658; 118
1659; 0
1660; 16
1661; 18
1662; 36
1663; 40
1664; 62
1665; 67
1666; 96
1667; 101
1668; 108
1669; 1
1670; 37
1671; 61
1672; 97
1673; 39
1674; 46
1675; 46
1676; 51
1677; 51
1678; 56
1679; 57
1680; 65
1681; 66
1682; 84
1683; 86
1684; 98
1685; 100
1686; 105
1687; 106
1688; 113
1689; 115
1690; 51
1691; 53
1692; 74
1693; 75
1694; 119
1695; 1
1696; 36
1697; 38
1698; 45
1699; 99
1700; 106
1701; 106
1702; 111
1703; 111
1704; 116
1705; 117
1706; 5
1707; 6
1708; 24
1709; 26
1710; 38
1711; 40
1712; 45
1713; 46
1714; 53
1715; 55
1716; 111
1717; 113
1718; 14
1719; 15
1720; 59
1721; 61
1722; 96
1723; 98
1724; 105
1725; 34
1726; 41
1727; 42
1728; 61
1729; 61
1730; 72
1731; 74
1732; 77
1733; 77
1734; 86
1735; 88
1736; 92
1737; 95
1738; 111
1739; 112
1740; 119
1741; 1
1742; 17
1743; 19
1744; 30
1745; 31
1746; 37
1747; 37
1748; 41
1749; 43
1750; 51
1751; 94
1752; 101
1753; 102
1754; 1
1755; 1
1756; 12
1757; 14
1758; 17
1759; 17
1760; 26
1761; 28
1762; 32
1763; 35
1764; 51
1765; 52
1766; 59
1767; 61
1768; 77
1769; 79
1770; 90
1771; 91
1772; 97
1773; 97
1774; 101
1775; 103
1776; 111
1777; 7
1778; 10
1779; 10
1780; 14
1781; 20
1782; 34
1783; 36
1784; 54
1785; 54
1786; 66
1787; 71
1788; 85
1789; 90
1790; 106
1791; 111
1792; 10
1793; 15
1794; 26
1795; 67
1796; 70
1797; 70
1798; 74
1799; 80
1800; 94
1801; 96
1802; 114
1803; 114
1804; 6
1805; 11
1806; 25
1807; 30
1808; 46
1809; 51
1810; 70
1811; 75
1812; 86
1813; 70
1814; 73
1815; 73
1816; 77
1817; 79
1818; 85
1819; 86
1820; 93
1821; 93
1822; 111
1823; 111
1824; 3
1825; 8
1826; 22
1827; 22
1828; 38
1829; 40
1830; 59
1831; 60
1832; 71
1833; 108
1834; 119
1835; 119
1836; 3
1837; 4
1838; 8
1839; 13
1840; 17
1841; 22
1842; 32
1843; 37
1844; 42
1845; 47
1846; 60
1847; 65
1848; 71
1849; 76
1850; 86
1851; 91
1852; 99
1853; 104
1854; 114
1855; 119
1856; 23
1857; 28
1858; 33
1859; 38
1860; 42
1861; 43
1862; 53
1863; 54
1864; 57
1865; 58
1866; 66
1867; 68
1868; 94
1869; 96
1870; 10
1871; 15
1872; 41
1873; 105
1874; 116
1875; 116
1876; 0
1877; 1
1878; 5
1879; 10
1880; 14
1881; 15
1882; 25
1883; 30
1884; 35
1885; 40
1886; 53
1887; 58
1888; 64
1889; 69
1890; 79
1891; 84
1892; 92
1893; 97
1894; 107
1895; 112
1896; 16
1897; 21
1898; 26
1899; 31
1900; 35
1901; 40
1902; 50
1903; 51
1904; 54
1905; 55
1906; 63
1907; 71
1908; 86
1909; 87
1910; 111
1911; 46
1912; 50
1913; 52
1914; 57
1915; 59
1916; 64
1917; 65
1918; 70
1919; 75
1920; 82
1921; 85
1922; 93
1923; 98
1924; 114
1925; 114
1926; 7
1927; 7
1928; 21
1929; 106
1930; 110
1931; 112
1932; 117
1933; 119
1934; 4
1935; 5
1936; 10
1937; 15
1938; 22
1939; 25
1940; 33
1941; 38
1942; 54
1943; 54
1944; 67
1945; 67
1946; 81
1947; 26
1948; 80
1949; 86
1950; 20
1951; 6
1952; 21
1953; 22
1954; 30
1955; 35
1956; 50
1957; 55
1958; 61
1959; 66
1960; 74
1961; 79
1962; 95
1963; 66
1964; 81
1965; 82
1966; 90
1967; 95
1968; 110
1969; 115
1970; 1
1971; 6
1972; 14
1973; 19
1974; 35
1975; 47
1976; 67
1977; 68
1978; 74
1979; 75
1980; 93
1981; 94
1982; 100
1983; 101
1984; 112
1985; 107
1986; 7
1987; 8
1988; 14
1989; 15
1990; 33
1991; 34
1992; 40
1993; 41
1994; 52
1995; 23
1996; 77
1997; 83
1998; 17
1999; 9
2000; 24
2001; 28
2002; 36
2003; 38
2004; 51
2005; 52
2006; 61
2007; 62
2008; 90
2009; 69
2010; 84
2011; 88
2012; 96
2013; 98
2014; 111
2015; 112
2016; 1
2017; 2
2018; 30
2019; 44
2020; 52
2021; 54
2022; 68
2023; 69
2024; 101
2025; 106
2026; 3
2027; 32
2028; 38
2029; 39
2030; 44
2031; 46
2032; 59
2033; 61
2034; 78
2035; 83
2036; 90
2037; 95
2038; 100
2039; 105
2040; 110
2041; 115
2042; 2
2043; 7
2044; 21
2045; 21
2046; 29
2047; 29
2048; 34
2049; 34
2050; 40
2051; 41
2052; 57
2053; 57
2054; 66
2055; 68
2056; 73
2057; 74
2058; 78
2059; 79
2060; 89
2061; 92
2062; 98
2063; 99
2064; 104
2065; 106
2066; 119
2067; 1
2068; 18
2069; 23
2070; 30
2071; 35
2072; 40
2073; 45
2074; 50
2075; 55
2076; 62
2077; 67
2078; 81
2079; 81
2080; 89
2081; 89
2082; 94
2083; 94
2084; 100
2085; 101
2086; 117
2087; 117
2088; 6
2089; 8
2090; 13
2091; 14
2092; 18
2093; 19
2094; 29
2095; 10
2096; 66
2097; 71
2098; 80
2099; 85
2100; 94
2101; 40
2102; 96
2103; 101
2104; 110
2105; 115
2106; 4
2107; 70
2108; 6
2109; 11
2110; 20
2111; 25
2112; 34
2113; 100
2114; 36
2115; 41
2116; 50
2117; 55
2118; 64
2119; 5
2120; 31
2121; 32
2122; 48
2123; 50
2124; 104
2125; 106
2126; 2
2127; 4
2128; 27
2129; 65
2130; 91
2131; 92
2132; 108
2133; 110
2134; 44
2135; 46
2136; 62
2137; 64
2138; 87
2139; 81
2140; 17
2141; 17
2142; 29
2143; 55
2144; 85
2145; 87
2146; 98
2147; 99
2148; 109
2149; 111
2150; 118
2151; 119
2152; 8
2153; 10
2154; 26
2155; 28
2156; 46
2157; 48
2158; 70
2159; 115
2160; 25
2161; 27
2162; 38
2163; 39
2164; 49
2165; 51
2166; 58
2167; 59
2168; 68
2169; 70
2170; 86
2171; 88
2172; 106
2173; 108
2174; 10
2175; 36
2176; 60
2177; 61
2178; 76
2179; 81
2180; 14
2181; 19
2182; 33
2183; 2
2184; 23
2185; 26
2186; 45
2187; 62
2188; 83
2189; 86
2190; 105
2191; 56
2192; 110
2193; 3
2194; 39
2195; 63
2196; 99
2197; 39
2198; 63
2199; 64
2200; 79
2201; 81
2202; 88
2203; 89
2204; 92
2205; 93
2206; 101
2207; 102
2208; 104
2209; 105
2210; 111
2211; 112
2212; 17
2213; 18
2214; 28
2215; 29
2216; 36
2217; 36
2218; 47
2219; 48
2220; 54
2221; 54
2222; 66
2223; 66
2224; 71
2225; 72
2226; 82
2227; 82
2228; 87
2229; 89
2230; 92
2231; 93
2232; 97
2233; 97
2234; 109
