1; 26
2; 58
3; 78
4; 118
5; 138
6; 186
7; 206
8; 238
9; 258
10; 298
11; 18
12; 58
13; 78
14; 102
15; 122
16; 146
17; 166
18; 206
19; 226
20; 250
21; 270
22; 2
23; 22
24; 46
25; 66
26; 98
27; 118
28; 166
29; 186
30; 218
31; 238
32; 278
33; 298
34; 22
35; 42
36; 82
37; 102
38; 134
39; 154
40; 178
41; 198
42; 238
43; 258
44; 6
45; 26
46; 82
47; 101
48; 133
49; 153
50; 193
51; 213
52; 261
53; 281
54; 13
55; 33
56; 73
57; 93
58; 133
59; 153
60; 177
61; 197
62; 221
63; 241
64; 281
65; 1
66; 25
67; 45
68; 77
69; 97
70; 121
71; 141
72; 173
73; 193
74; 241
75; 261
76; 293
77; 13
78; 53
79; 73
80; 97
81; 117
82; 157
83; 177
84; 209
85; 229
86; 253
87; 273
88; 13
89; 33
90; 81
91; 101
92; 157
93; 176
94; 208
95; 228
96; 268
97; 288
98; 36
99; 56
100; 88
101; 108
102; 148
103; 168
104; 208
105; 228
106; 252
107; 272
108; 296
109; 16
110; 56
111; 76
112; 100
113; 120
114; 152
115; 172
116; 196
117; 216
118; 248
119; 268
120; 16
121; 36
122; 68
123; 88
124; 128
125; 148
126; 172
127; 192
128; 232
129; 252
130; 284
131; 4
132; 28
133; 48
134; 88
135; 108
136; 156
137; 176
138; 232
139; 251
140; 283
141; 3
142; 43
143; 63
144; 111
145; 131
146; 163
147; 183
148; 223
149; 243
150; 283
151; 3
152; 27
153; 47
154; 71
155; 91
156; 131
157; 151
158; 175
159; 195
160; 227
161; 247
162; 271
163; 291
164; 23
165; 43
166; 91
167; 111
168; 143
169; 163
170; 203
171; 223
172; 247
173; 267
174; 7
175; 27
176; 59
177; 79
178; 103
179; 123
180; 163
181; 183
182; 231
183; 251
184; 7
185; 15
186; 71
187; 91
188; 139
189; 159
190; 199
191; 219
192; 243
193; 263
194; 295
195; 15
196; 55
197; 75
198; 99
199; 119
200; 159
201; 179
202; 211
203; 231
204; 279
205; 299
206; 31
207; 51
208; 75
209; 95
210; 127
211; 147
212; 171
213; 191
214; 231
215; 251
216; 275
217; 295
218; 19
219; 39
220; 79
221; 99
222; 139
223; 159
224; 191
225; 211
226; 259
227; 279
228; 19
229; 39
230; 71
231; 90
232; 146
233; 166
234; 214
235; 234
236; 274
237; 294
238; 18
239; 38
240; 70
241; 90
242; 130
243; 150
244; 174
245; 194
246; 234
247; 254
248; 286
249; 6
250; 54
251; 74
252; 106
253; 126
254; 150
255; 170
256; 202
257; 222
258; 246
259; 266
260; 6
261; 26
262; 50
263; 70
264; 94
265; 114
266; 154
267; 174
268; 214
269; 234
270; 266
271; 286
272; 34
273; 54
274; 94
275; 114
276; 146
277; 165
278; 221
279; 241
280; 289
281; 9
282; 49
283; 69
284; 93
285; 113
286; 145
287; 165
288; 205
289; 225
290; 249
291; 269
292; 9
293; 29
294; 61
295; 81
296; 129
297; 149
298; 181
299; 201
300; 225
301; 245
302; 277
303; 297
304; 21
305; 41
306; 81
307; 101
308; 125
309; 145
310; 169
311; 189
312; 229
313; 249
314; 289
315; 9
316; 41
317; 61
318; 109
319; 129
320; 169
321; 189
322; 221
323; 240
324; 296
325; 16
326; 64
327; 84
328; 124
329; 144
330; 168
331; 188
332; 220
333; 240
334; 280
335; 0
336; 24
337; 44
338; 84
339; 104
340; 136
341; 156
342; 204
343; 224
344; 256
345; 276
346; 0
347; 20
348; 52
349; 72
350; 96
351; 116
352; 156
353; 176
354; 200
355; 220
356; 244
357; 264
358; 4
359; 24
360; 64
361; 84
362; 116
363; 136
364; 184
365; 204
366; 244
367; 264
368; 296
369; 3
370; 33
371; 53
372; 83
373; 103
374; 127
375; 158
376; 178
377; 198
378; 218
379; 238
380; 260
381; 280
382; 6
383; 26
384; 54
385; 74
386; 96
387; 116
388; 144
389; 164
390; 184
391; 204
392; 228
393; 248
394; 270
395; 63
396; 93
397; 113
398; 143
399; 163
400; 187
401; 218
402; 238
403; 258
404; 278
405; 298
406; 20
407; 40
408; 66
409; 86
410; 114
411; 134
412; 156
413; 176
414; 204
415; 224
416; 244
417; 264
418; 288
419; 8
420; 30
421; 123
422; 153
423; 173
424; 203
425; 223
426; 247
427; 278
428; 298
429; 18
430; 38
431; 58
432; 80
433; 100
434; 126
435; 146
436; 174
437; 194
438; 216
439; 236
440; 264
441; 284
442; 4
443; 24
444; 48
445; 68
446; 90
447; 183
448; 213
449; 233
450; 263
451; 283
452; 7
453; 38
454; 58
455; 78
456; 98
457; 118
458; 140
459; 160
460; 186
461; 206
462; 234
463; 254
464; 276
465; 296
466; 24
467; 44
468; 64
469; 84
470; 108
471; 128
472; 150
473; 243
474; 273
475; 293
476; 23
477; 43
478; 67
479; 98
480; 118
481; 138
482; 158
483; 178
484; 200
485; 220
486; 246
487; 266
488; 294
489; 14
490; 36
491; 56
492; 84
493; 104
494; 124
495; 144
496; 168
497; 188
498; 210
499; 22
500; 44
501; 64
502; 88
503; 108
504; 128
505; 148
506; 176
507; 196
508; 218
509; 238
510; 266
511; 286
512; 12
513; 32
514; 54
515; 74
516; 94
517; 114
518; 134
519; 165
520; 189
521; 209
522; 239
523; 259
524; 289
525; 82
526; 104
527; 124
528; 148
529; 168
530; 188
531; 208
532; 236
533; 256
534; 278
535; 298
536; 26
537; 46
538; 72
539; 92
540; 114
541; 134
542; 154
543; 174
544; 194
545; 225
546; 249
547; 269
548; 299
549; 19
550; 49
551; 142
552; 164
553; 184
554; 208
555; 228
556; 248
557; 268
558; 296
559; 16
560; 38
561; 58
562; 86
563; 106
564; 132
565; 152
566; 174
567; 194
568; 214
569; 234
570; 254
571; 285
572; 9
573; 29
574; 59
575; 79
576; 109
577; 202
578; 224
579; 244
580; 268
581; 288
582; 8
583; 28
584; 56
585; 76
586; 98
587; 118
588; 146
589; 166
590; 192
591; 212
592; 234
593; 254
594; 274
595; 294
596; 14
597; 45
598; 69
599; 89
600; 119
601; 139
602; 169
603; 262
604; 284
605; 4
606; 28
607; 48
608; 68
609; 88
610; 116
611; 136
612; 158
613; 178
614; 206
615; 226
616; 252
617; 272
618; 294
619; 14
620; 34
621; 54
622; 74
623; 105
624; 129
625; 149
626; 179
627; 199
628; 229
629; 37
630; 61
631; 81
632; 105
633; 125
634; 149
635; 169
636; 205
637; 226
638; 260
639; 280
640; 4
641; 24
642; 52
643; 72
644; 100
645; 120
646; 154
647; 174
648; 200
649; 220
650; 16
651; 36
652; 68
653; 137
654; 161
655; 181
656; 205
657; 225
658; 249
659; 269
660; 5
661; 26
662; 60
663; 80
664; 104
665; 124
666; 152
667; 172
668; 200
669; 220
670; 254
671; 274
672; 0
673; 20
674; 116
675; 136
676; 168
677; 237
678; 261
679; 281
680; 5
681; 25
682; 49
683; 69
684; 105
685; 126
686; 160
687; 180
688; 204
689; 224
690; 252
691; 272
692; 0
693; 20
694; 54
695; 74
696; 100
697; 120
698; 216
699; 236
700; 268
701; 4
702; 36
703; 56
704; 152
705; 172
706; 198
707; 218
708; 252
709; 272
710; 0
711; 20
712; 48
713; 68
714; 92
715; 112
716; 146
717; 166
718; 202
719; 223
720; 247
721; 267
722; 291
723; 11
724; 35
725; 104
726; 136
727; 156
728; 252
729; 272
730; 298
731; 18
732; 52
733; 72
734; 100
735; 120
736; 148
737; 168
738; 192
739; 212
740; 246
741; 266
742; 2
743; 23
744; 47
745; 67
746; 91
747; 111
748; 135
749; 204
750; 236
751; 256
752; 52
753; 72
754; 98
755; 118
756; 152
757; 172
758; 200
759; 220
760; 248
761; 268
762; 292
763; 12
764; 46
765; 66
766; 102
767; 123
768; 147
769; 167
770; 191
771; 211
772; 235
773; 0
774; 24
775; 44
776; 68
777; 125
778; 149
779; 170
780; 206
781; 226
782; 260
783; 280
784; 4
785; 24
786; 52
787; 72
788; 100
789; 120
790; 154
791; 174
792; 200
793; 220
794; 16
795; 36
796; 68
797; 88
798; 216
799; 236
800; 268
801; 288
802; 84
803; 104
804; 184
805; 100
806; 124
807; 144
808; 168
809; 225
810; 249
811; 270
812; 6
813; 26
814; 60
815; 80
816; 104
817; 124
818; 152
819; 172
820; 200
821; 220
822; 254
823; 274
824; 0
825; 20
826; 116
827; 136
828; 168
829; 188
830; 16
831; 36
832; 68
833; 88
834; 184
835; 204
836; 284
837; 200
838; 224
839; 244
840; 268
841; 25
842; 49
843; 70
844; 106
845; 126
846; 160
847; 180
848; 204
849; 224
850; 252
851; 272
852; 0
853; 20
854; 54
855; 74
856; 100
857; 120
858; 216
859; 236
860; 268
861; 288
862; 116
863; 136
864; 168
865; 188
866; 284
867; 4
868; 84
869; 88
870; 168
871; 188
872; 284
873; 4
874; 36
875; 56
876; 184
877; 204
878; 236
879; 256
880; 52
881; 72
882; 98
883; 118
884; 152
885; 172
886; 200
887; 220
888; 248
889; 268
890; 292
891; 12
892; 46
893; 66
894; 102
895; 123
896; 147
897; 167
898; 191
899; 211
900; 235
901; 188
902; 268
903; 288
904; 84
905; 104
906; 136
907; 156
908; 284
909; 4
910; 36
911; 56
912; 152
913; 172
914; 198
915; 218
916; 252
917; 272
918; 0
919; 20
920; 48
921; 68
922; 92
923; 112
924; 146
925; 166
926; 202
927; 223
928; 247
929; 267
930; 291
931; 11
932; 35
933; 288
934; 68
935; 88
936; 184
937; 204
938; 236
939; 256
940; 84
941; 104
942; 136
943; 156
944; 252
945; 272
946; 298
947; 18
948; 52
949; 72
950; 100
951; 120
952; 148
953; 168
954; 192
955; 212
956; 246
957; 266
958; 2
959; 23
960; 47
961; 67
962; 91
963; 111
964; 135
