1; 21
2; 75
3; 81
4; 15
5; 9
6; 26
7; 27
8; 43
9; 46
10; 55
11; 56
12; 64
13; 65
14; 74
15; 69
16; 86
17; 87
18; 103
19; 106
20; 115
21; 116
22; 4
23; 5
24; 14
25; 67
26; 77
27; 78
28; 96
29; 101
30; 8
31; 10
32; 28
33; 29
34; 39
35; 39
36; 65
37; 66
38; 74
39; 4
40; 57
41; 59
42; 114
43; 114
44; 2
45; 3
46; 12
47; 34
48; 87
49; 89
50; 24
51; 24
52; 32
53; 33
54; 42
55; 64
56; 117
57; 119
58; 54
59; 54
60; 62
61; 63
62; 72
63; 94
64; 27
65; 29
66; 84
67; 84
68; 92
69; 93
70; 102
71; 75
72; 102
73; 104
74; 12
75; 14
76; 32
77; 34
78; 42
79; 44
80; 70
81; 75
82; 83
83; 45
84; 55
85; 60
86; 78
87; 80
88; 107
89; 115
90; 14
91; 15
92; 24
93; 25
94; 42
95; 44
96; 49
97; 105
98; 115
99; 0
100; 18
101; 20
102; 47
103; 55
104; 74
105; 75
106; 84
107; 85
108; 102
109; 104
110; 109
111; 23
112; 50
113; 52
114; 80
115; 82
116; 100
117; 102
118; 111
119; 112
120; 10
121; 11
122; 16
123; 56
124; 81
125; 83
126; 118
127; 0
128; 27
129; 29
130; 48
131; 48
132; 82
133; 84
134; 98
135; 14
136; 24
137; 25
138; 30
139; 31
140; 34
141; 35
142; 46
143; 47
144; 54
145; 56
146; 69
147; 70
148; 88
149; 74
150; 84
151; 85
152; 90
153; 91
154; 94
155; 95
156; 106
157; 107
158; 114
159; 116
160; 9
161; 10
162; 28
163; 71
164; 96
165; 101
166; 16
167; 18
168; 45
169; 47
170; 54
171; 55
172; 58
173; 59
174; 67
175; 72
176; 74
177; 75
178; 81
179; 86
180; 111
181; 116
182; 6
183; 11
184; 18
185; 23
186; 34
187; 39
188; 45
189; 50
190; 62
191; 67
192; 72
193; 77
194; 87
195; 87
196; 92
197; 97
198; 100
199; 101
200; 105
201; 105
202; 117
203; 34
204; 46
205; 47
206; 59
207; 60
208; 76
209; 77
210; 84
211; 86
212; 93
213; 94
214; 100
215; 101
216; 106
217; 108
218; 113
219; 114
220; 0
221; 94
222; 106
223; 107
224; 119
225; 0
226; 16
227; 17
228; 24
229; 26
230; 33
231; 34
232; 40
233; 41
234; 46
235; 48
236; 53
237; 54
238; 60
239; 21
240; 34
241; 39
242; 48
243; 53
244; 59
245; 64
246; 79
247; 81
248; 88
249; 89
250; 105
251; 81
252; 94
253; 99
254; 108
255; 113
256; 119
257; 4
258; 19
259; 21
260; 28
261; 29
262; 45
263; 17
264; 27
265; 28
266; 35
267; 35
268; 54
269; 56
270; 63
271; 68
272; 90
273; 77
274; 87
275; 88
276; 95
277; 95
278; 114
279; 116
280; 3
281; 8
282; 30
283; 1
284; 54
285; 31
286; 84
287; 61
288; 114
289; 91
290; 24
291; 26
292; 42
293; 44
294; 52
295; 56
296; 72
297; 74
298; 82
299; 86
300; 102
301; 104
302; 112
303; 116
304; 12
305; 14
306; 22
307; 28
308; 42
309; 43
310; 54
311; 55
312; 60
313; 62
314; 74
315; 76
316; 106
317; 106
318; 112
319; 114
320; 3
321; 3
322; 13
323; 13
324; 20
325; 22
326; 29
327; 29
328; 39
329; 41
330; 55
331; 55
332; 64
333; 64
334; 68
335; 69
336; 74
337; 75
338; 84
339; 88
340; 102
341; 103
342; 114
343; 115
344; 0
345; 2
346; 14
347; 16
348; 46
349; 46
350; 52
351; 54
352; 63
353; 63
354; 73
355; 73
356; 80
357; 82
358; 89
359; 89
360; 99
361; 101
362; 115
363; 115
364; 4
365; 4
366; 8
367; 9
368; 14
369; 15
370; 24
371; 57
372; 74
373; 75
374; 80
375; 81
376; 91
377; 96
378; 104
379; 106
380; 111
381; 112
382; 115
383; 116
384; 4
385; 117
386; 14
387; 15
388; 20
389; 21
390; 31
391; 36
392; 44
393; 46
394; 51
395; 52
396; 55
397; 56
398; 64
399; 50
400; 63
401; 64
402; 70
403; 70
404; 77
405; 78
406; 83
407; 84
408; 97
409; 110
410; 3
411; 4
412; 10
413; 10
414; 17
415; 18
416; 23
417; 24
418; 37
419; 6
420; 33
421; 35
422; 44
423; 46
424; 60
425; 65
426; 72
427; 77
428; 93
429; 66
430; 93
431; 95
432; 104
433; 106
434; 0
435; 5
436; 12
437; 17
438; 33
439; 26
440; 36
441; 37
442; 44
443; 45
444; 55
445; 57
446; 68
447; 69
448; 89
449; 86
450; 96
451; 97
452; 104
453; 105
454; 115
455; 117
456; 8
457; 9
458; 29
459; 18
460; 26
461; 27
462; 44
463; 48
464; 56
465; 57
466; 74
467; 78
468; 86
469; 87
470; 104
471; 108
472; 116
473; 117
474; 14
475; 78
476; 96
477; 97
478; 9
479; 11
480; 24
481; 26
482; 35
483; 100
484; 107
485; 109
486; 15
487; 15
488; 24
489; 25
490; 43
491; 45
492; 71
493; 73
494; 89
495; 90
496; 101
497; 43
498; 49
499; 51
500; 65
501; 66
502; 76
503; 77
504; 90
505; 92
506; 102
507; 107
508; 116
509; 0
510; 10
511; 11
512; 16
513; 18
514; 33
515; 35
516; 72
517; 74
518; 81
519; 103
520; 109
521; 111
522; 5
523; 6
524; 16
525; 17
526; 30
527; 32
528; 42
529; 47
530; 56
531; 60
532; 70
533; 71
534; 76
535; 78
536; 93
537; 95
538; 12
539; 14
540; 21
541; 37
542; 43
543; 48
544; 57
545; 62
546; 69
547; 70
548; 79
549; 80
550; 93
551; 94
552; 111
553; 112
554; 2
555; 3
556; 9
557; 10
558; 25
559; 27
560; 38
561; 38
562; 54
563; 57
564; 72
565; 77
566; 84
567; 97
568; 103
569; 108
570; 117
571; 2
572; 9
573; 10
574; 19
575; 20
576; 33
577; 34
578; 51
579; 52
580; 62
581; 63
582; 69
583; 70
584; 85
585; 87
586; 98
587; 98
588; 114
589; 117
590; 12
591; 17
592; 24
593; 54
594; 61
595; 63
596; 89
597; 89
598; 100
599; 100
600; 0
601; 3
602; 59
603; 61
604; 70
605; 72
606; 85
607; 87
608; 97
609; 98
610; 109
611; 111
612; 1
613; 2
614; 8
615; 114
616; 1
617; 3
618; 29
619; 29
620; 40
621; 40
622; 60
623; 63
624; 119
625; 1
626; 10
627; 12
628; 25
629; 27
630; 37
631; 38
632; 49
633; 51
634; 61
635; 62
636; 68
637; 29
638; 37
639; 39
640; 47
641; 48
642; 103
643; 115
644; 49
645; 59
646; 67
647; 69
648; 77
649; 78
650; 13
651; 25
652; 79
653; 89
654; 97
655; 99
656; 107
657; 108
658; 43
659; 55
660; 109
661; 119
662; 7
663; 9
664; 17
665; 18
666; 73
667; 85
668; 19
669; 6
670; 14
671; 16
672; 21
673; 21
674; 26
675; 31
676; 39
677; 43
678; 58
679; 63
680; 72
681; 73
682; 80
683; 82
684; 90
685; 92
686; 101
687; 102
688; 111
689; 115
690; 0
691; 1
692; 30
693; 33
694; 47
695; 51
696; 56
697; 61
698; 72
699; 73
700; 88
701; 66
702; 74
703; 76
704; 81
705; 81
706; 86
707; 91
708; 99
709; 103
710; 118
711; 3
712; 12
713; 13
714; 20
715; 22
716; 30
717; 32
718; 41
719; 42
720; 51
721; 55
722; 60
723; 61
724; 90
725; 93
726; 107
727; 111
728; 116
729; 1
730; 12
731; 13
732; 28
733; 42
734; 52
735; 52
736; 71
737; 73
738; 88
739; 90
740; 104
741; 105
742; 117
743; 118
744; 15
745; 16
746; 22
747; 22
748; 29
749; 31
750; 34
751; 35
752; 42
753; 102
754; 112
755; 112
756; 11
757; 13
758; 28
759; 30
760; 44
761; 45
762; 57
763; 58
764; 75
765; 76
766; 82
767; 82
768; 89
769; 91
770; 94
771; 95
772; 102
773; 45
774; 55
775; 55
776; 74
777; 76
778; 91
779; 93
780; 107
781; 108
782; 0
783; 1
784; 18
785; 19
786; 32
787; 34
788; 37
789; 38
790; 45
791; 105
792; 115
793; 115
794; 14
795; 16
796; 31
797; 33
798; 47
799; 48
800; 60
801; 61
802; 78
803; 79
804; 92
805; 94
806; 97
807; 98
808; 105
809; 9
810; 17
811; 19
812; 24
813; 24
814; 30
815; 32
816; 41
817; 41
818; 56
819; 57
820; 61
821; 62
822; 69
823; 69
824; 77
825; 77
826; 91
827; 93
828; 100
829; 100
830; 105
831; 105
832; 110
833; 111
834; 119
835; 0
836; 18
837; 23
838; 35
839; 39
840; 44
841; 49
842; 56
843; 69
844; 77
845; 79
846; 84
847; 84
848; 90
849; 92
850; 101
851; 101
852; 116
853; 117
854; 1
855; 2
856; 9
857; 9
858; 17
859; 17
860; 31
861; 33
862; 40
863; 40
864; 45
865; 45
866; 50
867; 51
868; 59
869; 60
870; 78
871; 83
872; 95
873; 99
874; 104
875; 109
876; 116
877; 3
878; 11
879; 12
880; 20
881; 21
882; 76
883; 33
884; 41
885; 42
886; 50
887; 51
888; 106
889; 63
890; 71
891; 72
892; 80
893; 81
894; 16
895; 93
896; 101
897; 102
898; 110
899; 111
900; 46
901; 26
902; 49
903; 51
904; 67
905; 68
906; 3
907; 5
908; 20
909; 21
910; 47
911; 86
912; 109
913; 111
914; 7
915; 8
916; 63
917; 65
918; 80
919; 81
920; 107
921; 10
922; 25
923; 25
924; 30
925; 30
926; 32
927; 32
928; 36
929; 37
930; 41
931; 42
932; 57
933; 70
934; 85
935; 85
936; 90
937; 90
938; 92
939; 92
940; 96
941; 97
942; 101
943; 102
944; 117
945; 102
946; 114
947; 114
948; 51
949; 18
950; 25
951; 28
952; 65
953; 67
954; 80
955; 82
956; 87
957; 88
958; 98
959; 99
960; 108
961; 109
962; 119
963; 0
964; 13
965; 15
966; 25
967; 30
968; 45
969; 47
970; 54
971; 78
972; 85
973; 88
974; 5
975; 7
976; 20
977; 22
978; 27
979; 28
980; 38
981; 39
982; 48
983; 49
984; 59
985; 60
986; 73
987; 75
988; 85
989; 90
990; 105
991; 107
992; 114
993; 15
994; 22
995; 26
996; 40
997; 45
998; 62
999; 62
1000; 73
1001; 75
1002; 89
1003; 90
1004; 95
1005; 97
1006; 106
1007; 107
1008; 3
1009; 5
1010; 18
1011; 19
1012; 28
1013; 33
1014; 39
1015; 44
1016; 55
1017; 57
1018; 64
1019; 75
1020; 82
1021; 86
1022; 100
1023; 105
1024; 2
1025; 2
1026; 13
1027; 15
1028; 29
1029; 30
1030; 35
1031; 37
1032; 46
1033; 47
1034; 63
1035; 65
1036; 78
1037; 79
1038; 88
1039; 93
1040; 99
1041; 104
1042; 115
1043; 117
1044; 4
1045; 45
1046; 52
1047; 54
1048; 68
1049; 68
1050; 85
1051; 85
1052; 96
1053; 98
1054; 113
1055; 114
1056; 9
1057; 10
1058; 27
1059; 28
1060; 50
1061; 54
1062; 82
1063; 83
1064; 95
1065; 96
1066; 115
1067; 105
1068; 112
1069; 114
1070; 8
1071; 8
1072; 25
1073; 25
1074; 36
1075; 38
1076; 53
1077; 54
1078; 69
1079; 70
1080; 87
1081; 88
1082; 110
1083; 114
1084; 22
1085; 23
1086; 35
1087; 36
1088; 55
1089; 21
1090; 28
1091; 30
1092; 56
1093; 57
1094; 80
1095; 81
1096; 99
1097; 102
1098; 119
1099; 1
1100; 14
1101; 16
1102; 33
1103; 38
1104; 47
1105; 52
1106; 77
1107; 79
1108; 88
1109; 89
1110; 103
1111; 105
1112; 18
1113; 20
1114; 36
1115; 81
1116; 88
1117; 90
1118; 116
1119; 117
1120; 20
1121; 21
1122; 39
1123; 42
1124; 59
1125; 61
1126; 74
1127; 76
1128; 93
1129; 98
1130; 107
1131; 112
1132; 17
1133; 19
1134; 28
1135; 29
1136; 43
1137; 45
1138; 78
1139; 80
1140; 96
1141; 52
1142; 59
1143; 61
1144; 96
1145; 98
1146; 21
1147; 22
1148; 44
1149; 46
1150; 103
1151; 111
1152; 117
1153; 119
1154; 4
1155; 6
1156; 19
1157; 21
1158; 38
1159; 39
1160; 46
1161; 47
1162; 52
1163; 52
1164; 57
1165; 58
1166; 65
1167; 112
1168; 119
1169; 1
1170; 36
1171; 38
1172; 81
1173; 82
1174; 104
1175; 106
1176; 43
1177; 51
1178; 57
1179; 59
1180; 64
1181; 66
1182; 79
1183; 81
1184; 98
1185; 99
1186; 106
1187; 107
1188; 112
1189; 112
1190; 117
1191; 118
1192; 5
1193; 115
1194; 118
1195; 3
1196; 20
1197; 23
1198; 32
1199; 37
1200; 57
1201; 69
1202; 96
1203; 101
1204; 8
1205; 111
1206; 115
1207; 0
1208; 17
1209; 18
1210; 28
1211; 29
1212; 48
1213; 50
1214; 106
1215; 112
1216; 1
1217; 3
1218; 16
1219; 21
1220; 31
1221; 32
1222; 43
1223; 45
1224; 55
1225; 56
1226; 62
1227; 32
1228; 51
1229; 52
1230; 63
1231; 64
1232; 75
1233; 77
1234; 90
1235; 91
1236; 101
1237; 103
1238; 113
1239; 113
1240; 6
1241; 6
1242; 10
1243; 11
1244; 18
1245; 19
1246; 33
1247; 92
1248; 111
1249; 112
1250; 3
1251; 4
1252; 15
1253; 17
1254; 30
1255; 31
1256; 41
1257; 43
1258; 53
1259; 53
1260; 66
1261; 66
1262; 70
1263; 71
1264; 78
1265; 79
1266; 93
1267; 10
1268; 17
1269; 17
1270; 21
1271; 22
1272; 27
1273; 29
1274; 38
1275; 43
1276; 52
1277; 53
1278; 58
1279; 59
1280; 76
1281; 70
1282; 77
1283; 77
1284; 81
1285; 82
1286; 87
1287; 89
1288; 98
1289; 103
1290; 112
1291; 113
1292; 118
1293; 119
1294; 16
1295; 51
1296; 72
1297; 73
1298; 92
1299; 94
1300; 111
1301; 116
1302; 4
1303; 5
1304; 12
1305; 13
1306; 24
1307; 25
1308; 36
1309; 38
1310; 69
1311; 111
1312; 12
1313; 13
1314; 32
1315; 34
1316; 51
1317; 56
1318; 64
1319; 65
1320; 72
1321; 73
1322; 84
1323; 85
1324; 96
1325; 98
1326; 9
1327; 79
1328; 93
1329; 96
1330; 30
1331; 32
1332; 47
1333; 48
1334; 72
1335; 39
1336; 57
1337; 61
1338; 76
1339; 81
1340; 88
1341; 90
1342; 100
1343; 100
1344; 104
1345; 105
1346; 110
1347; 112
1348; 3
1349; 99
1350; 117
1351; 1
1352; 16
1353; 21
1354; 28
1355; 30
1356; 40
1357; 40
1358; 44
1359; 45
1360; 50
1361; 52
1362; 63
1363; 0
1364; 13
1365; 14
1366; 19
1367; 19
1368; 20
1369; 20
1370; 23
1371; 23
1372; 28
1373; 28
1374; 43
1375; 60
1376; 73
1377; 74
1378; 79
1379; 79
1380; 80
1381; 80
1382; 83
1383; 83
1384; 88
1385; 88
1386; 103
1387; 46
1388; 63
1389; 64
1390; 77
1391; 78
1392; 106
1393; 110
1394; 11
1395; 12
1396; 29
1397; 30
1398; 45
1399; 46
1400; 62
1401; 67
1402; 77
1403; 80
1404; 96
1405; 97
1406; 112
1407; 114
1408; 1
1409; 106
1410; 3
1411; 4
1412; 17
1413; 18
1414; 46
1415; 50
1416; 71
1417; 72
1418; 89
1419; 90
1420; 105
1421; 106
1422; 2
1423; 7
1424; 17
1425; 20
1426; 36
1427; 37
1428; 52
1429; 54
1430; 61
1431; 5
1432; 18
1433; 19
1434; 28
1435; 29
1436; 32
1437; 32
1438; 45
1439; 45
1440; 56
1441; 58
1442; 67
1443; 69
1444; 82
1445; 84
1446; 94
1447; 95
1448; 106
1449; 108
1450; 6
1451; 65
1452; 78
1453; 79
1454; 88
1455; 89
1456; 92
1457; 92
1458; 105
1459; 105
1460; 116
1461; 118
1462; 7
1463; 9
1464; 22
1465; 24
1466; 34
1467; 35
1468; 46
1469; 48
1470; 66
1471; 7
1472; 13
1473; 14
1474; 18
1475; 19
1476; 26
1477; 28
1478; 39
1479; 41
1480; 54
1481; 54
1482; 62
1483; 62
1484; 79
1485; 83
1486; 89
1487; 91
1488; 98
1489; 98
1490; 102
1491; 104
1492; 114
1493; 119
1494; 17
1495; 19
1496; 27
1497; 67
1498; 73
1499; 74
1500; 78
1501; 79
1502; 86
1503; 88
1504; 99
1505; 101
1506; 114
1507; 114
1508; 2
1509; 2
1510; 19
1511; 23
1512; 29
1513; 31
1514; 38
1515; 38
1516; 42
1517; 44
1518; 54
1519; 59
1520; 77
1521; 79
1522; 87
1523; 4
1524; 23
1525; 24
1526; 45
1527; 64
1528; 83
1529; 84
1530; 105
1531; 41
1532; 53
1533; 55
1534; 59
1535; 64
1536; 70
1537; 75
1538; 81
1539; 86
1540; 101
1541; 101
1542; 113
1543; 115
1544; 119
1545; 4
1546; 10
1547; 15
1548; 21
1549; 26
1550; 41
1551; 37
1552; 42
1553; 43
1554; 54
1555; 55
1556; 66
1557; 67
1558; 78
1559; 80
1560; 93
1561; 96
1562; 106
1563; 113
1564; 49
1565; 52
1566; 70
1567; 71
1568; 81
1569; 81
1570; 107
1571; 110
1572; 118
1573; 97
1574; 102
1575; 103
1576; 114
1577; 115
1578; 6
1579; 7
1580; 18
1581; 20
1582; 33
1583; 36
1584; 46
1585; 53
1586; 109
1587; 112
1588; 10
1589; 11
1590; 21
1591; 21
1592; 47
1593; 50
1594; 58
1595; 117
1596; 2
1597; 3
1598; 14
1599; 15
1600; 26
1601; 27
1602; 38
1603; 40
1604; 53
1605; 54
1606; 64
1607; 66
1608; 2
1609; 7
1610; 26
1611; 31
1612; 40
1613; 41
1614; 57
1615; 59
1616; 63
1617; 42
1618; 58
1619; 60
1620; 93
1621; 95
1622; 108
1623; 110
1624; 119
1625; 1
1626; 25
1627; 28
1628; 36
1629; 41
1630; 57
1631; 59
1632; 74
1633; 76
1634; 92
1635; 95
1636; 113
1637; 115
1638; 17
1639; 19
1640; 48
1641; 50
1642; 57
1643; 102
1644; 118
1645; 0
1646; 33
1647; 35
1648; 48
1649; 50
1650; 59
1651; 61
1652; 85
1653; 88
1654; 96
1655; 101
1656; 117
1657; 119
1658; 14
1659; 16
1660; 32
1661; 35
1662; 53
1663; 55
1664; 77
1665; 79
1666; 108
1667; 110
1668; 117
1669; 10
1670; 46
1671; 70
1672; 106
1673; 27
1674; 34
1675; 34
1676; 39
1677; 39
1678; 44
1679; 45
1680; 53
1681; 54
1682; 72
1683; 74
1684; 86
1685; 88
1686; 93
1687; 94
1688; 101
1689; 103
1690; 39
1691; 41
1692; 62
1693; 63
1694; 107
1695; 109
1696; 24
1697; 26
1698; 33
1699; 87
1700; 94
1701; 94
1702; 99
1703; 99
1704; 104
1705; 105
1706; 113
1707; 114
1708; 12
1709; 14
1710; 26
1711; 28
1712; 33
1713; 34
1714; 41
1715; 43
1716; 99
1717; 101
1718; 2
1719; 3
1720; 47
1721; 49
1722; 84
1723; 86
1724; 93
1725; 21
1726; 28
1727; 29
1728; 48
1729; 48
1730; 59
1731; 61
1732; 64
1733; 64
1734; 73
1735; 75
1736; 79
1737; 83
1738; 99
1739; 100
1740; 107
1741; 109
1742; 5
1743; 7
1744; 18
1745; 19
1746; 25
1747; 25
1748; 29
1749; 31
1750; 39
1751; 81
1752; 88
1753; 89
1754; 108
1755; 108
1756; 119
1757; 1
1758; 4
1759; 4
1760; 13
1761; 15
1762; 19
1763; 23
1764; 39
1765; 40
1766; 47
1767; 49
1768; 65
1769; 67
1770; 78
1771; 79
1772; 85
1773; 85
1774; 89
1775; 91
1776; 99
1777; 27
1778; 30
1779; 30
1780; 34
1781; 38
1782; 52
1783; 52
1784; 70
1785; 70
1786; 82
1787; 84
1788; 98
1789; 98
1790; 114
1791; 116
1792; 15
1793; 16
1794; 27
1795; 87
1796; 90
1797; 90
1798; 94
1799; 98
1800; 112
1801; 112
1802; 10
1803; 10
1804; 22
1805; 24
1806; 38
1807; 38
1808; 54
1809; 56
1810; 75
1811; 76
1812; 87
1813; 90
1814; 93
1815; 93
1816; 97
1817; 101
1818; 107
1819; 108
1820; 115
1821; 115
1822; 13
1823; 13
1824; 25
1825; 27
1826; 41
1827; 41
1828; 57
1829; 59
1830; 78
1831; 79
1832; 90
1833; 66
1834; 77
1835; 77
1836; 81
1837; 82
1838; 86
1839; 91
1840; 95
1841; 100
1842; 110
1843; 115
1844; 0
1845; 5
1846; 18
1847; 23
1848; 29
1849; 34
1850; 44
1851; 49
1852; 57
1853; 62
1854; 72
1855; 77
1856; 101
1857; 106
1858; 111
1859; 116
1860; 0
1861; 5
1862; 15
1863; 20
1864; 23
1865; 24
1866; 32
1867; 34
1868; 60
1869; 62
1870; 96
1871; 98
1872; 4
1873; 63
1874; 74
1875; 74
1876; 78
1877; 79
1878; 83
1879; 88
1880; 92
1881; 92
1882; 102
1883; 107
1884; 112
1885; 117
1886; 10
1887; 15
1888; 21
1889; 26
1890; 36
1891; 41
1892; 49
1893; 51
1894; 61
1895; 62
1896; 86
1897; 87
1898; 92
1899; 92
1900; 96
1901; 97
1902; 107
1903; 108
1904; 111
1905; 112
1906; 0
1907; 2
1908; 17
1909; 18
1910; 42
1911; 36
1912; 40
1913; 42
1914; 47
1915; 52
1916; 57
1917; 58
1918; 63
1919; 68
1920; 75
1921; 77
1922; 85
1923; 86
1924; 102
1925; 102
1926; 115
1927; 115
1928; 9
1929; 96
1930; 100
1931; 102
1932; 107
1933; 112
1934; 117
1935; 118
1936; 3
1937; 8
1938; 15
1939; 17
1940; 25
1941; 26
1942; 42
1943; 42
1944; 55
1945; 55
1946; 69
1947; 49
1948; 103
1949; 109
1950; 43
1951; 53
1952; 68
1953; 69
1954; 77
1955; 79
1956; 94
1957; 95
1958; 101
1959; 103
1960; 111
1961; 112
1962; 6
1963; 113
1964; 8
1965; 9
1966; 17
1967; 19
1968; 34
1969; 35
1970; 41
1971; 43
1972; 51
1973; 52
1974; 66
1975; 53
1976; 73
1977; 78
1978; 84
1979; 89
1980; 107
1981; 108
1982; 114
1983; 115
1984; 6
1985; 113
1986; 13
1987; 18
1988; 24
1989; 29
1990; 47
1991; 48
1992; 54
1993; 55
1994; 66
1995; 52
1996; 106
1997; 112
1998; 46
1999; 58
2000; 73
2001; 74
2002; 82
2003; 84
2004; 97
2005; 98
2006; 107
2007; 108
2008; 16
2009; 118
2010; 13
2011; 14
2012; 22
2013; 24
2014; 37
2015; 38
2016; 47
2017; 48
2018; 76
2019; 16
2020; 24
2021; 26
2022; 40
2023; 41
2024; 73
2025; 78
2026; 95
2027; 54
2028; 60
2029; 65
2030; 70
2031; 75
2032; 88
2033; 90
2034; 107
2035; 108
2036; 115
2037; 116
2038; 1
2039; 1
2040; 6
2041; 7
2042; 14
2043; 16
2044; 30
2045; 30
2046; 38
2047; 38
2048; 43
2049; 43
2050; 49
2051; 50
2052; 66
2053; 66
2054; 75
2055; 77
2056; 82
2057; 85
2058; 89
2059; 90
2060; 100
2061; 114
2062; 0
2063; 5
2064; 10
2065; 15
2066; 28
2067; 30
2068; 47
2069; 48
2070; 55
2071; 56
2072; 61
2073; 61
2074; 66
2075; 67
2076; 74
2077; 76
2078; 90
2079; 90
2080; 98
2081; 98
2082; 103
2083; 103
2084; 109
2085; 110
2086; 6
2087; 6
2088; 15
2089; 17
2090; 22
2091; 25
2092; 29
2093; 30
2094; 40
2095; 23
2096; 78
2097; 78
2098; 86
2099; 87
2100; 96
2101; 53
2102; 108
2103; 108
2104; 116
2105; 117
2106; 6
2107; 83
2108; 18
2109; 18
2110; 26
2111; 27
2112; 36
2113; 113
2114; 48
2115; 48
2116; 56
2117; 57
2118; 66
2119; 36
2120; 62
2121; 67
2122; 83
2123; 88
2124; 22
2125; 27
2126; 43
2127; 48
2128; 71
2129; 96
2130; 2
2131; 7
2132; 23
2133; 28
2134; 82
2135; 87
2136; 103
2137; 108
2138; 11
2139; 56
2140; 112
2141; 112
2142; 4
2143; 6
2144; 36
2145; 41
2146; 52
2147; 53
2148; 63
2149; 65
2150; 72
2151; 73
2152; 82
2153; 84
2154; 100
2155; 102
2156; 0
2157; 2
2158; 24
2159; 66
2160; 96
2161; 101
2162; 112
2163; 113
2164; 3
2165; 5
2166; 12
2167; 13
2168; 22
2169; 24
2170; 40
2171; 42
2172; 60
2173; 62
2174; 84
2175; 110
2176; 14
2177; 18
2178; 33
2179; 35
2180; 88
2181; 90
2182; 104
2183; 53
2184; 74
2185; 75
2186; 94
2187; 113
2188; 14
2189; 15
2190; 34
2191; 28
2192; 82
2193; 53
2194; 89
2195; 113
2196; 29
2197; 50
2198; 74
2199; 78
2200; 93
2201; 95
2202; 102
2203; 103
2204; 106
2205; 107
2206; 115
2207; 116
2208; 118
2209; 119
2210; 5
2211; 6
2212; 31
2213; 32
2214; 42
2215; 43
2216; 50
2217; 50
2218; 61
2219; 62
2220; 68
2221; 68
2222; 80
2223; 80
2224; 85
2225; 86
2226; 96
2227; 96
2228; 101
2229; 103
2230; 106
2231; 107
2232; 111
2233; 111
2234; 3
